Energy Range (meV),N Samples,Mean Actual (meV),Std Actual (meV),Linear Regression MAE,Linear Regression Rel%,Random Forest MAE,Random Forest Rel%,Neural Network MAE,Neural Network Rel%
0-100,99,68.06405433385076,19.763060698576233,49.77585867069554,73.13090464248201,26.120033157010166,38.3756645304917,37.72317165619907,55.42304528491473
100-200,19,123.73032911605931,28.286784076888974,69.59057666720418,56.243749745406454,32.083069023953946,25.929834061832942,43.43508870108782,35.104641692454905
200-300,3,223.93950555555568,7.972189553907242,116.19820096139262,51.88821002043598,10.580956189166187,4.724917188200734,29.952397210319862,13.375218068832062
300-400,2,331.8897333333333,31.50518977621867,133.40465855499264,40.195476134541266,33.97259041430017,10.236107659341126,192.1106429628901,57.883876380696556
400-500,2,461.4500416666667,53.39746320912764,144.13527686701897,31.23529393267161,99.8024627418933,21.628010343530676,107.67211915224024,23.333429283774628
500+,2,557.5640000000001,19.930794577236377,339.89122749877794,60.96003821960849,330.6467759399412,59.302030966838096,325.12554940577843,58.31179010943648
