Model,Test MAE,Test RMSE
Linear Regression,61.68100703780705,92.57573636242701
Random Forest,31.81624612495312,63.03488132179639
Neural Network,43.77368154731522,80.03021539754515
