Model,Test MAE,Test RMSE
Linear Regression,57.84495209937798,87.67411094952566
Random Forest,31.843593494705342,62.57672327608924
Neural Network,38.55072437584659,69.80118520458473
