Model,Test MAE,Test RMSE
Linear Regression,61.68100703780705,92.57573636242701
Random Forest,32.724788352432284,63.91045810987711
Neural Network,46.45302751147366,80.27486899452495
