Model,Train MAE,Test MAE,Train R²,Test R²,Gap (MAE),Test/Train Ratio
Linear Regression,59.79313566199005,57.84495209937798,0.5148567113717872,0.025658592847553896,-1.9481835626120727,0.9674179395169182
Random Forest,29.394259176546115,31.843593494705342,0.6829630592016629,0.5036431100485036,2.4493343181592273,1.0833269620250736
Neural Network,38.079531041373606,38.55072437584659,0.5302194251544212,0.382418878438913,0.4711933344729857,1.0123739269257552
