Model,Train MAE,Test MAE,Train R²,Test R²,Gap (MAE),Test/Train Ratio
Linear Regression,56.32018657902861,61.68100703780705,0.5671298834698273,-0.08633248966049645,5.360820458778441,1.0951847070189678
Random Forest,29.291099508078503,32.724788352432284,0.6866037512172833,0.4822593325414406,3.4336888443537816,1.1172263555148132
Neural Network,42.88837021586173,46.45302751147366,0.6252504114124305,0.18317761877005057,3.56465729561193,1.0831147762824895
